<?xml version="1.0" encoding="UTF-8"?>
<beans xmlns="http://www.springframework.org/schema/beans"
	xmlns:xsi="http://www.w3.org/2001/XMLSchema-instance" xmlns:context="http://www.springframework.org/schema/context"
	xsi:schemaLocation="http://www.springframework.org/schema/beans http://www.springframework.org/schema/beans/spring-beans.xsd
		http://www.springframework.org/schema/context http://www.springframework.org/schema/context/spring-context.xsd">

	<bean id="message" class="com.demo.spring.Message">
		<constructor-arg value="Lunch Break" />
		<constructor-arg value="We will break for lunch today" />
	</bean>

	<bean id="mail" class="com.demo.spring.Mail">
		<property name="fromAddress" value="Trainer"></property>
		<property name="toAddress" value="All"></property>
		<property name="message" ref="message" />
	</bean>
</beans>
